{
    "epoch": [
        0,
        1,
        2,
        3,
        4,
        5,
        6,
        7,
        8,
        9,
        10,
        11,
        12,
        13,
        14,
        15,
        16,
        17,
        18,
        19,
        20,
        21,
        22,
        23,
        24,
        25,
        26,
        27,
        28,
        29,
        30,
        31,
        32,
        33,
        34,
        35,
        36,
        37,
        38,
        39,
        40,
        41,
        42,
        43,
        44,
        45,
        46,
        47,
        48,
        49,
        50,
        51,
        52,
        53,
        54,
        55,
        56,
        57,
        58,
        59,
        60,
        61,
        62,
        63,
        64,
        65,
        66,
        67,
        68,
        69,
        70,
        71,
        72,
        73,
        74,
        75,
        76,
        77,
        78,
        79,
        80,
        81,
        82,
        83,
        84,
        85,
        86,
        87,
        88,
        89,
        90,
        91,
        92,
        93,
        94,
        95,
        96,
        97,
        98
    ],
    "train_loss": [
        0.14551953666589476,
        0.16021783886985344,
        0.1623453044078567,
        0.1405706134709445,
        0.15191254019737244,
        0.15557381917129864,
        0.1618351157415997,
        0.13127184252847324,
        0.13824092732234436,
        0.17028459838845514,
        0.15581128881736236,
        0.1563196757977659,
        0.13411407883871684,
        0.16324037652124057,
        0.15216919949108904,
        0.14144596288150008,
        0.14846030893650922,
        0.1649574197151444,
        0.1502560143443671,
        0.13972658426924187,
        0.16018549268218604,
        0.15564792704853145,
        0.14016619629480623,
        0.13667220012708145,
        0.14655601436441595,
        0.14479331130331213,
        0.14714358509941536,
        0.15792004086754538,
        0.1670323112471537,
        0.15201832760464062,
        0.15108702026984908,
        0.14124936712059108,
        0.14528775689276782,
        0.1562725231051445,
        0.147776825692166,
        0.15530597655610603,
        0.16042069345712662,
        0.14796659689057956,
        0.1285450743003325,
        0.15370254963636398,
        0.15592090582305734,
        0.15175160020589828,
        0.14887732606042514,
        0.13181531903418628,
        0.13968298347158867,
        0.13639499111609024,
        0.15273800966414539,
        0.1413799019699747,
        0.1329722451892766,
        0.14116033945571294,
        0.13958693939176472,
        0.14715532111850652,
        0.15411077270453627,
        0.15718904374675316,
        0.15169467302885922,
        0.14152212170037357,
        0.13694797625595873,
        0.13722666590051216,
        0.1541403443975882,
        0.152527653188868,
        0.16182653165676378,
        0.15150339935313573,
        0.15860683369365605,
        0.1415408243509856,
        0.14813552051782608,
        0.14961932057684119,
        0.15506374632770364,
        0.13815698298540982,
        0.15787786076014693,
        0.14460010928186504,
        0.1475507952272892,
        0.1570470194247636,
        0.15036645159125328,
        0.15208101441914385,
        0.1500008241696791,
        0.14453180235895244,
        0.15931310775605115,
        0.15927371789108624,
        0.1486512039872733,
        0.1499454460360787,
        0.14233052662827753,
        0.12895792384039273,
        0.15052123096856204,
        0.14991737360304053,
        0.14510140364820306,
        0.14092844453724948,
        0.1341958702965216,
        0.15170636705376886,
        0.15320073982531374,
        0.1371261431750926,
        0.14984450015154752,
        0.15430765057151968,
        0.15311546285044064,
        0.14295107397166165,
        0.14668916098096155,
        0.15745391391895033,
        0.14096997424282812,
        0.16046857427466998,
        0.1395522068169984
    ],
    "val_loss": [
        0.12649539858102798,
        0.10080611457427342,
        0.15525134404500326,
        0.16378595679998398,
        0.1327465921640396,
        0.17099914948145548,
        0.17115212976932526,
        0.16483942667643228,
        0.13017368068297705,
        0.13197563588619232,
        0.14993241429328918,
        0.17213172217210135,
        0.12719349066416422,
        0.1555233026544253,
        0.13726387172937393,
        0.1294147198398908,
        0.13735077530145645,
        0.15890043477217355,
        0.14467742294073105,
        0.17279313504695892,
        0.17085169752438864,
        0.16195120414098105,
        0.13637953251600266,
        0.18074228366216025,
        0.17383047938346863,
        0.14792205890019736,
        0.15578163663546243,
        0.13972957183917364,
        0.1597932701309522,
        0.16021127502123514,
        0.1869986653327942,
        0.16321084896723428,
        0.15696553885936737,
        0.13307280838489532,
        0.13571206231911978,
        0.18376934031645456,
        0.1661569351951281,
        0.16238424678643545,
        0.16601485759019852,
        0.17644518613815308,
        0.16542647778987885,
        0.16062291463216147,
        0.12819891919692358,
        0.09947589536507924,
        0.18625474969546,
        0.15958761672178903,
        0.16321500142415366,
        0.15128160516421,
        0.17722156643867493,
        0.1627555638551712,
        0.11950289458036423,
        0.1370532587170601,
        0.13496475915114084,
        0.16855566203594208,
        0.14288288106520972,
        0.16661202907562256,
        0.1346292495727539,
        0.21757123867670694,
        0.20641915996869406,
        0.10974220683177312,
        0.16685507694880167,
        0.18304945528507233,
        0.18539164463678995,
        0.08177346736192703,
        0.12721777458985647,
        0.19131410121917725,
        0.09871944164236386,
        0.2011025051275889,
        0.1583891212940216,
        0.16027574241161346,
        0.116311214864254,
        0.11015310883522034,
        0.18183054526646933,
        0.11697771648565929,
        0.1432686671614647,
        0.15530340373516083,
        0.15407463411490122,
        0.1583242043852806,
        0.15379613637924194,
        0.11851934591929118,
        0.14910180121660233,
        0.15803459783395132,
        0.12754380206267038,
        0.1554107964038849,
        0.14313666025797525,
        0.15240453680356345,
        0.14093871911366782,
        0.13462440917889276,
        0.1746214727560679,
        0.13204243034124374,
        0.16055439164241156,
        0.15569802125295004,
        0.15714496870835623,
        0.10802022367715836,
        0.10906682411829631,
        0.1315605193376541,
        0.11859703312317531,
        0.21888679762681326,
        0.08868972957134247
    ],